Raw value,Corresponding cumulative value,Corresponding logistic value,Fractional area,Training omission,Test omission
4.38886E-9,0.000000439,0.000004558,1,0,0
5.59787E-9,0.000001537,0.000005813,0.999801114,0,0
6.46372E-9,0.000002769,0.000006712,0.999602228,0,0
7.75525E-9,0.00001066,0.000008053,0.998508353,0,0
1.02227E-8,0.000025441,0.000010616,0.996917263,0,0
1.18322E-8,0.000050766,0.000012287,0.994630072,0,0
1.4173E-8,0.000101411,0.000014718,0.99075179,0,0
1.93758E-8,0.000251829,0.00002012,0.981801909,0,0
2.9277E-8,0.000502725,0.000030402,0.971459825,0,0
4.07058E-8,0.001001345,0.000042269,0.957338902,0,0
6.18136E-8,0.002505552,0.000064186,0.928003182,0,0
8.11616E-8,0.005000658,0.000084275,0.893595863,0,0
1.10886E-7,0.010006508,0.000115136,0.84118934,0,0
2.21697E-7,0.025007725,0.000230169,0.746519491,0,0
3.6815E-7,0.050015912,0.000382159,0.661396181,0,0
5.6968E-7,0.100038348,0.000591235,0.554693715,0,0
1.0894E-6,0.200066173,0.00113001,0.42889817,0,0
1.52159E-6,0.300036215,0.001577598,0.352227526,0,0
1.99869E-6,0.400096694,0.002071238,0.29464996,0,0
2.58537E-6,0.500008355,0.002677584,0.250696102,0,0
4.57462E-6,0.6003954,0.004728052,0.219868735,0,0
7.74935E-6,0.700605134,0.007983067,0.203261734,0,0
9.74985E-6,0.750692281,0.010023244,0.197593477,0,0
1.11115E-5,0.800848556,0.011407133,0.192820207,0,0
1.43096E-5,0.900121982,0.014642183,0.185063644,0,0
1.83974E-5,1.00104896,0.01874657,0.178997613,0,0
2.25918E-5,1.10076266,0.022922649,0.174124901,0,0
2.55896E-5,1.201345646,0.025885586,0.16994829,0,0
2.8069E-5,1.300602492,0.028322705,0.166268894,0,0
3.02971E-5,1.400259242,0.030502366,0.162887828,0,0
3.27586E-5,1.500703872,0.032898944,0.159705648,0,0
3.99133E-5,1.752021589,0.039798341,0.152844073,0,0
4.86744E-5,2.000812468,0.048113955,0.147275259,0,0
5.67283E-5,2.254263846,0.05563217,0.142501989,0.017857143,0
6.45283E-5,2.502902772,0.062801132,0.138424821,0.017857143,0
7.1585E-5,2.75364083,0.069193756,0.134745426,0.017857143,0
7.93666E-5,3.003470704,0.076142646,0.131463803,0.017857143,0.055555556
8.55369E-5,3.251367711,0.081579425,0.128480509,0.017857143,0.055555556
9.24494E-5,3.50910821,0.087594605,0.125596659,0.017857143,0.055555556
9.80396E-5,3.756743959,0.09240184,0.123011138,0.017857143,0.055555556
1.05114E-4,4.010215026,0.098412878,0.12052506,0.017857143,0.055555556
1.11827E-4,4.258034646,0.104044482,0.118237868,0.017857143,0.055555556
1.19634E-4,4.501427109,0.110505649,0.116149562,0.035714286,0.055555556
1.25339E-4,4.759689443,0.115168505,0.114061257,0.035714286,0.055555556
1.32316E-4,5.005624595,0.120804612,0.112171838,0.035714286,0.111111111
1.39231E-4,5.262739165,0.126320704,0.110282418,0.035714286,0.111111111
1.43309E-4,5.503253836,0.129540686,0.108591885,0.035714286,0.166666667
1.50565E-4,5.752214078,0.13521284,0.106901352,0.035714286,0.166666667
1.55692E-4,6.013551574,0.139176645,0.105210819,0.035714286,0.166666667
1.62391E-4,6.252944584,0.14430097,0.103719173,0.035714286,0.166666667
1.69465E-4,6.502599553,0.149646157,0.102227526,0.035714286,0.166666667
1.7411E-4,6.760093872,0.153119686,0.100735879,0.035714286,0.166666667
1.8158E-4,7.008909778,0.158647189,0.099343675,0.035714286,0.166666667
1.90294E-4,7.250870905,0.165004123,0.098050915,0.035714286,0.166666667
1.97728E-4,7.503643657,0.170352008,0.096758154,0.035714286,0.166666667
2.04226E-4,7.76463018,0.174971123,0.095465394,0.035714286,0.166666667
2.11555E-4,8.013620763,0.180118831,0.094272076,0.035714286,0.166666667
2.19158E-4,8.27140907,0.185391939,0.093078759,0.035714286,0.166666667
2.26908E-4,8.516209327,0.190697606,0.091984885,0.035714286,0.166666667
2.3226E-4,8.769017862,0.194321494,0.09089101,0.035714286,0.166666667
2.39479E-4,9.004666733,0.199158789,0.089896579,0.035714286,0.166666667
2.44921E-4,9.272021783,0.202766439,0.088802705,0.035714286,0.166666667
2.5107E-4,9.520775166,0.206804859,0.087808274,0.035714286,0.166666667
2.59037E-4,9.750616339,0.211975854,0.086913286,0.035714286,0.166666667
2.67384E-4,10.013054222,0.217322082,0.085918854,0.035714286,0.166666667
2.78753E-4,10.259418212,0.224487871,0.085023866,0.035714286,0.166666667
2.8849E-4,10.515229397,0.230522025,0.084128878,0.035714286,0.166666667
2.94841E-4,10.778237673,0.234407309,0.08323389,0.035714286,0.166666667
3.03247E-4,11.019059044,0.239489852,0.082438345,0.035714286,0.166666667
3.10579E-4,11.264503351,0.243868163,0.0816428,0.035714286,0.166666667
3.1382E-4,11.514580746,0.245787189,0.080847255,0.035714286,0.166666667
3.20834E-4,11.768733059,0.24990828,0.08005171,0.035714286,0.166666667
3.27436E-4,12.029476156,0.253745718,0.079256165,0.035714286,0.166666667
3.32095E-4,12.260873774,0.256430261,0.078560064,0.035714286,0.166666667
3.4133E-4,12.532658478,0.261694989,0.077764519,0.035714286,0.166666667
3.54686E-4,12.777591485,0.269178403,0.077068417,0.035714286,0.166666667
3.59217E-4,13.027300085,0.27168323,0.076372315,0.053571429,0.166666667
3.67377E-4,13.28119137,0.27615063,0.075676213,0.053571429,0.166666667
3.75334E-4,13.503715687,0.28045388,0.075079554,0.071428571,0.166666667
3.80598E-4,13.768335679,0.283273366,0.074383453,0.071428571,0.166666667
3.89215E-4,14.000473332,0.287840462,0.073786794,0.071428571,0.166666667
3.97865E-4,14.275343736,0.292367406,0.073090692,0.071428571,0.222222222
4.06427E-4,14.517705442,0.296791566,0.072494033,0.071428571,0.222222222
4.1411E-4,14.764810619,0.300715166,0.071897375,0.071428571,0.222222222
4.19879E-4,15.015521576,0.303632425,0.071300716,0.071428571,0.222222222
4.30587E-4,15.270480335,0.308983112,0.070704057,0.089285714,0.222222222
4.35553E-4,15.530852615,0.311436812,0.070107399,0.089285714,0.222222222
4.41534E-4,15.750696752,0.314369107,0.069610183,0.089285714,0.222222222
4.58524E-4,16.020919756,0.322563947,0.069013524,0.089285714,0.222222222
4.60412E-4,16.25071257,0.32346229,0.068516309,0.089285714,0.222222222
4.67143E-4,16.528865238,0.32664654,0.06791965,0.089285714,0.222222222
4.71433E-4,16.763730922,0.328660566,0.067422434,0.089285714,0.222222222
4.7775E-4,17.001305273,0.33160412,0.066925219,0.089285714,0.222222222
4.83619E-4,17.290390254,0.33431605,0.06632856,0.089285714,0.222222222
4.90038E-4,17.534185961,0.337256465,0.065831344,0.089285714,0.222222222
4.9522E-4,17.780878361,0.339611746,0.065334129,0.089285714,0.222222222
5.00956E-4,18.030438709,0.342199564,0.064836913,0.089285714,0.222222222
5.09492E-4,18.283052082,0.346012894,0.064339698,0.089285714,0.222222222
5.1636E-4,18.539962218,0.349049059,0.063842482,0.089285714,0.222222222
5.20851E-4,18.799710174,0.351019242,0.063345267,0.107142857,0.222222222
5.24288E-4,19.008853317,0.352518894,0.062947494,0.107142857,0.222222222
5.29288E-4,19.271973323,0.354688399,0.062450278,0.107142857,0.222222222
5.36113E-4,19.538632762,0.357626483,0.061953063,0.107142857,0.277777778
5.40949E-4,19.754156038,0.359692068,0.06155529,0.107142857,0.277777778
5.50025E-4,20.026717157,0.363533014,0.061058075,0.107142857,0.277777778
5.52134E-4,20.302235806,0.364418828,0.060560859,0.107142857,0.277777778
5.59267E-4,20.525425137,0.36739731,0.060163087,0.107142857,0.277777778
5.66416E-4,20.750641179,0.37035433,0.059765314,0.125,0.277777778
5.73229E-4,21.035950764,0.373146692,0.059268099,0.125,0.277777778
5.74877E-4,21.265674685,0.373818557,0.058870326,0.125,0.277777778
5.84365E-4,21.554927638,0.377658024,0.058373111,0.125,0.277777778
5.8823E-4,21.789590251,0.3792087,0.057975338,0.142857143,0.277777778
5.94441E-4,22.026985705,0.381684487,0.057577566,0.142857143,0.277777778
5.97755E-4,22.265765596,0.382997377,0.057179793,0.142857143,0.277777778
6.09875E-4,22.508051224,0.387751561,0.056782021,0.142857143,0.277777778
6.11731E-4,22.752419289,0.388473384,0.056384248,0.142857143,0.277777778
6.19362E-4,23.060320801,0.391422551,0.055887033,0.142857143,0.277777778
6.25784E-4,23.309573014,0.393882618,0.05548926,0.178571429,0.277777778
6.29872E-4,23.56110501,0.395438214,0.055091488,0.196428571,0.277777778
6.35533E-4,23.750691282,0.397579249,0.054793158,0.196428571,0.277777778
6.4335E-4,24.006646333,0.400510698,0.054395386,0.196428571,0.277777778
6.51184E-4,24.266033753,0.403420299,0.053997613,0.196428571,0.277777778
6.61834E-4,24.529394918,0.407330722,0.053599841,0.196428571,0.277777778
6.67132E-4,24.795161871,0.409256708,0.053202068,0.214285714,0.277777778
6.73044E-4,25.063763051,0.411391361,0.052804296,0.214285714,0.277777778
6.77394E-4,25.266407148,0.412952329,0.052505967,0.214285714,0.277777778
6.81601E-4,25.538236161,0.414454101,0.052108194,0.214285714,0.277777778
7.00115E-4,25.816953518,0.420972712,0.051710422,0.214285714,0.277777778
7.09587E-4,26.02854513,0.424251713,0.051412092,0.214285714,0.277777778
7.13287E-4,26.313410145,0.425522653,0.05101432,0.214285714,0.277777778
7.22305E-4,26.529147687,0.428596744,0.05071599,0.214285714,0.277777778
7.36483E-4,26.822412464,0.433363617,0.050318218,0.214285714,0.277777778
7.39564E-4,27.043979367,0.434388978,0.050019889,0.214285714,0.277777778
7.43721E-4,27.266580253,0.435766709,0.049721559,0.214285714,0.277777778
7.4857E-4,27.565187959,0.437365344,0.049323787,0.214285714,0.277777778
7.57452E-4,27.791628699,0.440269984,0.049025457,0.214285714,0.277777778
7.6217E-4,28.01991447,0.441800907,0.048727128,0.214285714,0.277777778
7.67438E-4,28.32594789,0.443500219,0.048329356,0.214285714,0.277777778
7.73228E-4,28.55760019,0.445355888,0.048031026,0.232142857,0.277777778
7.77845E-4,28.790589512,0.446826942,0.047732697,0.232142857,0.277777778
7.85077E-4,29.025299698,0.44911563,0.047434368,0.232142857,0.277777778
7.8657E-4,29.261188331,0.449585797,0.047136038,0.232142857,0.277777778
7.92722E-4,29.577659633,0.451514193,0.046738266,0.232142857,0.277777778
8.01421E-4,29.817517877,0.454218668,0.046439936,0.232142857,0.277777778
8.0993E-4,30.059422403,0.456838155,0.046141607,0.232142857,0.333333333
8.1787E-4,30.303917856,0.459259857,0.045843278,0.232142857,0.333333333
8.25107E-4,30.550761106,0.461448331,0.045544948,0.232142857,0.333333333
8.32079E-4,30.799730013,0.463539893,0.045246619,0.232142857,0.333333333
8.34054E-4,31.049829587,0.464129687,0.04494829,0.232142857,0.333333333
8.37836E-4,31.300512939,0.465255103,0.04464996,0.232142857,0.333333333
8.42388E-4,31.553183445,0.466603372,0.044351631,0.232142857,0.333333333
8.49033E-4,31.807351712,0.468559316,0.044053302,0.232142857,0.333333333
8.52704E-4,32.06286411,0.469633897,0.043754972,0.232142857,0.333333333
8.59072E-4,32.319932587,0.471487611,0.043456643,0.232142857,0.333333333
8.67283E-4,32.579404409,0.473858565,0.043158313,0.232142857,0.333333333
8.71082E-4,32.753602112,0.474948378,0.042959427,0.232142857,0.333333333
8.8097E-4,33.017278203,0.477764049,0.042661098,0.232142857,0.333333333
8.89058E-4,33.283220357,0.480044594,0.042362768,0.232142857,0.333333333
8.95292E-4,33.551434117,0.481788799,0.042064439,0.232142857,0.333333333
9.01943E-4,33.821124351,0.483637051,0.04176611,0.232142857,0.333333333
9.06748E-4,34.002187989,0.484964003,0.041567224,0.232142857,0.333333333
9.21159E-4,34.277709364,0.488903341,0.041268894,0.232142857,0.333333333
9.2737E-4,34.555122857,0.490582631,0.040970565,0.232142857,0.333333333
9.34132E-4,34.834778966,0.492398479,0.040672235,0.232142857,0.333333333
9.4632E-4,35.023752635,0.495638675,0.040473349,0.232142857,0.333333333
9.4888E-4,35.308138261,0.496313878,0.04017502,0.232142857,0.333333333
9.53899E-4,35.593768249,0.497632746,0.039876691,0.232142857,0.333333333
9.57041E-4,35.785072794,0.498454798,0.039677804,0.232142857,0.333333333
9.69664E-4,36.074917218,0.501730624,0.039379475,0.232142857,0.388888889
9.71873E-4,36.269127024,0.502299567,0.039180589,0.232142857,0.388888889
9.74606E-4,36.561301203,0.503001641,0.038882259,0.232142857,0.388888889
9.76984E-4,36.75646328,0.503610915,0.038683373,0.232142857,0.388888889
9.89345E-4,37.0520605,0.506753628,0.038385044,0.232142857,0.444444444
9.99706E-4,37.251571101,0.50935751,0.038186158,0.232142857,0.444444444
1.00631E-3,37.552906305,0.51100242,0.037887828,0.232142857,0.444444444
1.01336E-3,37.754999557,0.512747026,0.037688942,0.232142857,0.444444444
1.01908E-3,38.060146578,0.514154256,0.037390613,0.25,0.444444444
1.02633E-3,38.264987772,0.515924262,0.037191726,0.25,0.444444444
1.02853E-3,38.57328575,0.516459999,0.036893397,0.267857143,0.444444444
1.03172E-3,38.779370601,0.51723229,0.036694511,0.285714286,0.444444444
1.03766E-3,39.09038523,0.518665363,0.036396181,0.303571429,0.444444444
1.04755E-3,39.299894186,0.521033966,0.036197295,0.303571429,0.444444444
1.05302E-3,39.510335019,0.522331996,0.035998409,0.303571429,0.444444444
1.05805E-3,39.827189804,0.52352151,0.03570008,0.303571429,0.444444444
1.06144E-3,40.039210777,0.524319038,0.035501193,0.303571429,0.444444444
1.06341E-3,40.251822842,0.524781804,0.035302307,0.303571429,0.444444444
1.06656E-3,40.5714065,0.525519959,0.035003978,0.303571429,0.444444444
1.07452E-3,40.77544932,0.527372566,0.034805091,0.303571429,0.444444444
1.07822E-3,41.001364585,0.528229553,0.034606205,0.303571429,0.5
1.08165E-3,41.32538111,0.529021926,0.034307876,0.321428571,0.5
1.09392E-3,41.543531182,0.531831956,0.03410899,0.321428571,0.5
1.09855E-3,41.76291471,0.532883031,0.033910103,0.321428571,0.5
1.10748E-3,42.09413142,0.534896401,0.033611774,0.321428571,0.5
1.1097E-3,42.316042294,0.535395134,0.033412888,0.321428571,0.5
1.11153E-3,42.538268288,0.535804669,0.033214002,0.321428571,0.5
1.11222E-3,42.760671562,0.535959773,0.033015115,0.321428571,0.5
1.13444E-3,43.098804176,0.540876587,0.032716786,0.321428571,0.5
1.14432E-3,43.327146278,0.543027429,0.0325179,0.339285714,0.5
1.14668E-3,43.556402366,0.543539671,0.032319014,0.339285714,0.5
1.14823E-3,43.7860361,0.543875438,0.032120127,0.339285714,0.5
1.15358E-3,44.01667703,0.54502799,0.031921241,0.339285714,0.5
1.16128E-3,44.364150715,0.546677408,0.031622912,0.375,0.5
1.17133E-3,44.598096625,0.548811372,0.031424025,0.375,0.5
1.17642E-3,44.832926939,0.549884909,0.031225139,0.375,0.5
1.18266E-3,45.069306038,0.551193609,0.031026253,0.375,0.5
1.18635E-3,45.306522724,0.551964356,0.030827367,0.375,0.5
1.18876E-3,45.544133446,0.552465184,0.030628481,0.375,0.5
1.19088E-3,45.782172514,0.552907521,0.030429594,0.375,0.5
1.19896E-3,46.021270407,0.554577996,0.030230708,0.375,0.5
1.20264E-3,46.261603983,0.555334201,0.030031822,0.375,0.5
1.21315E-3,46.503503687,0.557481547,0.029832936,0.375,0.5
1.22129E-3,46.86913957,0.559131053,0.029534606,0.375,0.5
1.22469E-3,47.113895092,0.559816279,0.02933572,0.375,0.5
1.22846E-3,47.359587421,0.560574201,0.029136834,0.375,0.5
1.23269E-3,47.605968464,0.561419821,0.028937947,0.392857143,0.5
1.24305E-3,47.854097318,0.563479509,0.028739061,0.392857143,0.5
1.24905E-3,48.10356013,0.564663922,0.028540175,0.410714286,0.5
1.24987E-3,48.353507194,0.564826017,0.028341289,0.410714286,0.5
1.25567E-3,48.604263311,0.565961939,0.028142403,0.410714286,0.5
1.26035E-3,48.856168549,0.566875727,0.027943516,0.410714286,0.5
1.26442E-3,49.109029191,0.567668701,0.02774463,0.410714286,0.5
1.26715E-3,49.362264759,0.568197462,0.027545744,0.410714286,0.5
1.26796E-3,49.615825832,0.568353558,0.027346858,0.410714286,0.5
1.27226E-3,49.87026465,0.569183685,0.027147971,0.410714286,0.5
1.2748E-3,50.125097551,0.569672871,0.026949085,0.410714286,0.5
1.2757E-3,50.252667246,0.569845629,0.026849642,0.410714286,0.5
1.28116E-3,50.508467506,0.570893561,0.026650756,0.410714286,0.5
1.28586E-3,50.765300243,0.571789135,0.02645187,0.410714286,0.5
1.28879E-3,51.022770268,0.572347428,0.026252983,0.410714286,0.5
1.2913E-3,51.280885012,0.572822817,0.026054097,0.410714286,0.5
1.29552E-3,51.53978877,0.573622083,0.025855211,0.410714286,0.5
1.30048E-3,51.799466991,0.574555544,0.025656325,0.410714286,0.5
1.30606E-3,52.060494489,0.575600963,0.025457438,0.410714286,0.5
1.30973E-3,52.322334559,0.576287485,0.025258552,0.428571429,0.5
1.31039E-3,52.584367746,0.576410836,0.025059666,0.428571429,0.5
1.31595E-3,52.84711451,0.577444072,0.02486078,0.428571429,0.5
1.31639E-3,53.110351548,0.577524211,0.024661893,0.428571429,0.5
1.33065E-3,53.375189864,0.580152201,0.024463007,0.428571429,0.5
1.3314E-3,53.50833015,0.580289484,0.024363564,0.428571429,0.5
1.3344E-3,53.775082544,0.580836306,0.024164678,0.428571429,0.5
1.33586E-3,54.042146053,0.581102519,0.023965792,0.428571429,0.5
1.33916E-3,54.309777694,0.581704328,0.023766905,0.428571429,0.5
1.34111E-3,54.577974304,0.582057265,0.023568019,0.428571429,0.555555556
1.34319E-3,54.846605574,0.582434287,0.023369133,0.428571429,0.555555556
1.3549E-3,55.116703394,0.584543372,0.023170247,0.428571429,0.555555556
1.35626E-3,55.252329851,0.584788685,0.023070804,0.428571429,0.555555556
1.35861E-3,55.523850882,0.585207838,0.022871917,0.428571429,0.555555556
1.36582E-3,55.796919965,0.586492589,0.022673031,0.428571429,0.555555556
1.37709E-3,56.071783822,0.588484047,0.022474145,0.428571429,0.555555556
1.38652E-3,56.348821623,0.590136077,0.022275259,0.428571429,0.555555556
1.39362E-3,56.627214382,0.591369686,0.022076372,0.428571429,0.555555556
1.39741E-3,56.76695567,0.592027008,0.021976929,0.428571429,0.555555556
1.40204E-3,57.047096034,0.592824509,0.021778043,0.428571429,0.555555556
1.40228E-3,57.327552033,0.59286654,0.021579157,0.428571429,0.555555556
1.41462E-3,57.6099901,0.594980175,0.02138027,0.428571429,0.555555556
1.41587E-3,57.7515776,0.595193264,0.021280827,0.428571429,0.555555556
1.4216E-3,58.035336503,0.596165966,0.021081941,0.428571429,0.555555556
1.42983E-3,58.321292478,0.59755385,0.020883055,0.428571429,0.611111111
1.43644E-3,58.608408917,0.598662384,0.020684169,0.428571429,0.611111111
1.43659E-3,58.752067556,0.598687282,0.020584726,0.446428571,0.611111111
1.44238E-3,59.040413346,0.599654549,0.020385839,0.446428571,0.611111111
1.45291E-3,59.330624226,0.601399621,0.020186953,0.446428571,0.611111111
1.45692E-3,59.621988634,0.602058647,0.019988067,0.446428571,0.611111111
1.46143E-3,59.768131151,0.602798866,0.019888624,0.446428571,0.611111111
1.46396E-3,60.060765816,0.603213758,0.019689737,0.464285714,0.611111111
1.47286E-3,60.355053284,0.60466312,0.019490851,0.464285714,0.611111111
1.47524E-3,60.502577685,0.605050042,0.019391408,0.464285714,0.611111111
1.47736E-3,60.798024956,0.605393254,0.019192522,0.464285714,0.611111111
1.48467E-3,61.094310973,0.606570712,0.018993636,0.482142857,0.611111111
1.48735E-3,61.391612812,0.607001371,0.018794749,0.482142857,0.611111111
1.4879E-3,61.540403059,0.607089908,0.018695306,0.482142857,0.611111111
1.48988E-3,61.838194774,0.607406972,0.01849642,0.482142857,0.611111111
1.49994E-3,62.137778123,0.609010663,0.018297534,0.482142857,0.611111111
1.50036E-3,62.287813978,0.609076697,0.018198091,0.482142857,0.611111111
1.50351E-3,62.588252422,0.609576693,0.017999204,0.5,0.611111111
1.5047E-3,62.889094413,0.609764674,0.017800318,0.5,0.611111111
1.51269E-3,63.040363557,0.611024138,0.017700875,0.517857143,0.611111111
1.52093E-3,63.343756078,0.612314819,0.017501989,0.517857143,0.611111111
1.52641E-3,63.648886206,0.613167462,0.017303103,0.517857143,0.611111111
1.52835E-3,63.80172148,0.613469366,0.01720366,0.517857143,0.611111111
1.54084E-3,64.10981447,0.61539665,0.017004773,0.517857143,0.666666667
1.54387E-3,64.264201397,0.615861865,0.01690533,0.517857143,0.666666667
1.56708E-3,64.577028428,0.619385765,0.016706444,0.517857143,0.666666667
1.56887E-3,64.89063049,0.619654372,0.016507558,0.517857143,0.666666667
1.579E-3,65.048530491,0.621170753,0.016408115,0.517857143,0.666666667
1.58569E-3,65.365342697,0.622165497,0.016209228,0.517857143,0.666666667
1.59411E-3,65.524753315,0.623408718,0.016109785,0.535714286,0.666666667
1.62554E-3,65.84812224,0.627981787,0.015910899,0.535714286,0.666666667
1.62668E-3,66.010790597,0.628146164,0.015811456,0.535714286,0.666666667
1.62958E-3,66.336544599,0.628561543,0.01561257,0.535714286,0.666666667
1.63597E-3,66.500141526,0.62947475,0.015513126,0.535714286,0.666666667
1.64321E-3,66.828389889,0.630504216,0.01531424,0.535714286,0.666666667
1.64955E-3,67.157690238,0.631400305,0.015115354,0.535714286,0.666666667
1.65144E-3,67.322833915,0.63166687,0.015015911,0.535714286,0.666666667
1.65287E-3,67.653272877,0.631868431,0.014817025,0.535714286,0.666666667
1.65293E-3,67.81856571,0.631876889,0.014717582,0.535714286,0.666666667
1.65738E-3,68.149836087,0.632502303,0.014518695,0.535714286,0.666666667
1.66203E-3,68.316038732,0.633152785,0.014419252,0.535714286,0.666666667
1.67043E-3,68.649328986,0.634323741,0.014220366,0.535714286,0.666666667
1.67446E-3,68.81677506,0.6348823,0.014120923,0.535714286,0.666666667
1.68164E-3,69.15246636,0.635873344,0.013922037,0.535714286,0.666666667
1.68378E-3,69.320844403,0.636167945,0.013822593,0.535714286,0.666666667
1.68901E-3,69.658638922,0.636884759,0.013623707,0.553571429,0.666666667
1.69244E-3,69.827883043,0.637354602,0.013524264,0.553571429,0.666666667
1.699E-3,70.167527387,0.638248159,0.013325378,0.553571429,0.666666667
1.69913E-3,70.337440774,0.638266309,0.013225935,0.571428571,0.666666667
1.6998E-3,70.507421163,0.638357331,0.013126492,0.571428571,0.666666667
1.70015E-3,70.847433469,0.6384045,0.012927605,0.571428571,0.666666667
1.70262E-3,71.017695936,0.638740027,0.012828162,0.571428571,0.666666667
1.70561E-3,71.358616363,0.639143521,0.012629276,0.571428571,0.666666667
1.72061E-3,71.530677352,0.641161169,0.012529833,0.571428571,0.666666667
1.74129E-3,71.878833129,0.643905182,0.012330947,0.589285714,0.666666667
1.742E-3,72.053032679,0.643998165,0.012231504,0.589285714,0.666666667
1.7469E-3,72.402110407,0.64464292,0.012032617,0.607142857,0.666666667
1.74841E-3,72.576951594,0.644840627,0.011933174,0.607142857,0.666666667
1.75016E-3,72.751967845,0.645069792,0.011833731,0.607142857,0.666666667
1.7528E-3,73.102362273,0.645414078,0.011634845,0.607142857,0.666666667
1.75403E-3,73.277765169,0.645574878,0.011535402,0.607142857,0.666666667
1.76685E-3,73.630393857,0.647239519,0.011336516,0.607142857,0.666666667
1.76886E-3,73.807280152,0.64749942,0.011237072,0.607142857,0.666666667
1.77329E-3,74.1618805,0.64807031,0.011038186,0.625,0.666666667
1.78735E-3,74.340615434,0.649868765,0.010938743,0.625,0.666666667
1.79034E-3,74.519649843,0.6502496,0.0108393,0.625,0.666666667
1.79836E-3,74.879048079,0.651264495,0.010640414,0.625,0.666666667
1.80088E-3,75.059136069,0.651582846,0.010540971,0.642857143,0.666666667
1.80468E-3,75.419736056,0.652061054,0.010342084,0.642857143,0.666666667
1.81107E-3,75.600843435,0.652863187,0.010242641,0.660714286,0.666666667
1.81128E-3,75.781971195,0.65288869,0.010143198,0.660714286,0.666666667
1.83884E-3,76.071452089,0.65630293,0.009944312,0.660714286,0.666666667
1.84531E-3,76.334212289,0.657095751,0.009844869,0.660714286,0.722222222
1.84991E-3,76.519202942,0.657655525,0.009745426,0.660714286,0.722222222
1.89588E-3,76.897493177,0.663161074,0.009546539,0.660714286,0.722222222
1.89912E-3,77.08740492,0.663541807,0.009447096,0.660714286,0.722222222
1.90265E-3,77.277670051,0.663956727,0.009347653,0.660714286,0.722222222
1.90509E-3,77.658642115,0.664242815,0.009148767,0.660714286,0.722222222
1.91879E-3,77.850521305,0.665838884,0.009049324,0.660714286,0.722222222
1.9231E-3,78.042831459,0.666337871,0.008949881,0.660714286,0.722222222
1.93483E-3,78.429013107,0.667688731,0.008750994,0.678571429,0.722222222
1.94469E-3,78.623481801,0.668814855,0.008651551,0.678571429,0.722222222
1.94946E-3,78.818427577,0.669357365,0.008552108,0.678571429,0.722222222
1.954E-3,79.013827821,0.66987251,0.008452665,0.678571429,0.722222222
1.96281E-3,79.405823374,0.670866217,0.008253779,0.678571429,0.722222222
1.9735E-3,79.603173128,0.672064212,0.008154336,0.696428571,0.722222222
1.98979E-3,79.802151735,0.673873227,0.008054893,0.696428571,0.722222222
2.00911E-3,80.00306281,0.675993725,0.007955449,0.696428571,0.722222222
2.02275E-3,80.407288863,0.677474122,0.007756563,0.714285714,0.722222222
2.03065E-3,80.610353467,0.678324537,0.00765712,0.714285714,0.722222222
2.03557E-3,80.813910319,0.678852608,0.007557677,0.714285714,0.722222222
2.04208E-3,81.018118796,0.679548992,0.007458234,0.714285714,0.722222222
2.06645E-3,81.430222586,0.68212666,0.007259348,0.714285714,0.777777778
2.0788E-3,81.638102257,0.6834166,0.007159905,0.714285714,0.777777778
2.08893E-3,81.846995444,0.684467951,0.007060461,0.714285714,0.777777778
2.09708E-3,82.05670304,0.685307716,0.006961018,0.714285714,0.777777778
2.1015E-3,82.266852727,0.685761701,0.006861575,0.714285714,0.777777778
2.11164E-3,82.688653908,0.686798483,0.006662689,0.732142857,0.777777778
2.12397E-3,82.901051199,0.688049668,0.006563246,0.732142857,0.777777778
2.12544E-3,83.113595235,0.68819789,0.006463803,0.732142857,0.777777778
2.12674E-3,83.326269674,0.688329487,0.00636436,0.732142857,0.777777778
2.13127E-3,83.539396774,0.688785435,0.006264916,0.732142857,0.833333333
2.13607E-3,83.753003721,0.68926731,0.006165473,0.75,0.833333333
2.14895E-3,84.0861201,0.690553286,0.005966587,0.75,0.833333333
2.15977E-3,84.39853578,0.691625725,0.005867144,0.75,0.888888889
2.16676E-3,84.615211762,0.692314372,0.005767701,0.75,0.888888889
2.17441E-3,84.832652747,0.693064618,0.005668258,0.75,0.888888889
2.17858E-3,85.050510627,0.69347193,0.005568815,0.75,0.888888889
2.17926E-3,85.268436291,0.693538055,0.005469372,0.767857143,0.888888889
2.18335E-3,85.704978174,0.693937112,0.005270485,0.767857143,0.888888889
2.18947E-3,85.923925562,0.694531313,0.005171042,0.767857143,0.888888889
2.20005E-3,86.143930196,0.695552349,0.005071599,0.767857143,0.888888889
2.20468E-3,86.364398689,0.695998169,0.004972156,0.767857143,0.888888889
2.21127E-3,86.585525661,0.696628803,0.004872713,0.767857143,0.888888889
2.21401E-3,86.80692715,0.69689094,0.00477327,0.767857143,0.888888889
2.21412E-3,87.028339205,0.696901022,0.004673827,0.767857143,0.888888889
2.22824E-3,87.25116328,0.698242146,0.004574383,0.767857143,0.888888889
2.27661E-3,87.704472632,0.702747651,0.004375497,0.785714286,0.888888889
2.29154E-3,87.933626747,0.704111343,0.004276054,0.803571429,0.888888889
2.30611E-3,88.164238198,0.705430394,0.004176611,0.803571429,0.888888889
2.30644E-3,88.394882587,0.70546007,0.004077168,0.821428571,0.888888889
2.30873E-3,88.625755856,0.705666122,0.003977725,0.821428571,0.888888889
2.33566E-3,88.85932196,0.708068911,0.003878282,0.821428571,0.888888889
2.33795E-3,89.093116955,0.708271342,0.003778839,0.821428571,0.888888889
2.34241E-3,89.327357632,0.708664694,0.003679395,0.839285714,0.888888889
2.34676E-3,89.562033814,0.709048041,0.003579952,0.857142857,0.888888889
2.35061E-3,89.797094763,0.70938589,0.003480509,0.857142857,0.888888889
2.36167E-3,90.033261641,0.710352606,0.003381066,0.857142857,0.888888889
2.36377E-3,90.269638226,0.710535191,0.003281623,0.857142857,0.888888889
2.36738E-3,90.506375999,0.710849124,0.00318218,0.857142857,0.888888889
2.43292E-3,90.990906878,0.71643014,0.002983294,0.875,0.888888889
2.43345E-3,91.234252155,0.716474347,0.00288385,0.875,0.888888889
2.45904E-3,91.480155822,0.718594063,0.002784407,0.875,0.888888889
2.48584E-3,91.609559104,0.720781077,0.002684964,0.875,0.888888889
2.51314E-3,91.982574186,0.722973608,0.002585521,0.875,1
2.52172E-3,92.234745944,0.723655854,0.002486078,0.875,1
2.53171E-3,92.487916624,0.724445758,0.002386635,0.875,1
2.54942E-3,92.742858711,0.725835462,0.002287192,0.875,1
2.5548E-3,92.998338458,0.726254497,0.002187749,0.875,1
2.55543E-3,93.253881193,0.726303505,0.002088305,0.875,1
2.58029E-3,93.511910452,0.728224198,0.001988862,0.875,1
2.59854E-3,93.771764246,0.729616484,0.001889419,0.875,1
2.59939E-3,94.031703425,0.729681291,0.001789976,0.875,1
2.6068E-3,94.292383179,0.730242087,0.001690533,0.875,1
2.69209E-3,94.561592571,0.736537284,0.00159109,0.875,1
2.75473E-3,94.837065928,0.740976367,0.001491647,0.875,1
2.88631E-3,95.125696995,0.749830369,0.001392204,0.892857143,1
2.95174E-3,95.420871194,0.754011753,0.001292761,0.910714286,1
2.99095E-3,95.71996574,0.756450749,0.001193317,0.910714286,1
3.06994E-3,96.026959784,0.761221286,0.001093874,0.910714286,1
3.1879E-3,96.345749684,0.768006844,0.000994431,0.928571429,1
3.22242E-3,96.66799129,0.7699201,0.000894988,0.928571429,1
3.22372E-3,96.990363298,0.769991763,0.000795545,0.928571429,1
3.23666E-3,97.314029164,0.770700391,0.000696102,0.928571429,1
3.36818E-3,97.650847345,0.777663475,0.000596659,0.928571429,1
3.3934E-3,97.990187347,0.778950539,0.000497216,0.928571429,1
3.57625E-3,98.347812072,0.787854771,0.000397772,0.928571429,1
3.65267E-3,98.713079155,0.791367368,0.000298329,0.946428571,1
3.93723E-3,99.106802283,0.8034829,0.000198886,0.964285714,1
8.93198E-3,100,0.902680253,0.000099443,0.982142857,1
8.93198E-3,100,0.902680253,0,0.982142857,1
